name	affiliation	session
Dowon AHN	Pusan National University, Republic of Korea	S3
Hyungju AHN	PAL, Republic of Korea	S2
Zesheng AN	Jilin University, China	S14
Spiros ANASTASIADIS	University of Crete, Greece	S2
Thomas ANTHOPOULOS	The University of Manchester, USA	S5
Jin Hye BAE	Chung-Ang University, Republic of Korea	S4
Han-Yong BAE	Sungkyunkwan University, Republic of Korea	IDS5
Luke BALDWIN	Air Force Research Laboratory, USA	S11
Joona BANG	Korea University, Republic of Korea	S2
Andrea BELLUATI	Technical University of Darmstadt	S13
Suk Ho BHANG	Sungkyunkwan University, Republic of Korea	S8
Markus BIESALSKI	Technical University of Darmstadt, Germany	S13
Giovanni BIRARDA	Elettra - Sincrotrone Trieste, Italy	S2
AJ BOYDSTON	University Wisconsin-Madison, USA	S11
Hye Ryung BYON	Korea Advanced Institute of Science and Technology (KAIST), Republic of Korea	S6
Chaenyung CHA	UNIST, Republic of Korea	S8
Hyojung CHA	Kyungpook National University, Republic of Korea	S5
Yi-Tsu CHAN	NTU, Taiwan	S1
Chia-Chih CHANG	National Yang Ming Chiao Tung University, Taiwan	S8
Kookheon CHAR	Seoul National University, Republic of Korea	S13
Guang CHEN	Peking University, China	S10
Jiun Tai CHEN	National Yang Ming Chiao Tung University, Taiwan	S4
Xiang CHEN	Tsinghua University, China	S6
Byoung-Ki CHO	Dankook University, Republic of Korea	IDS2
Ik Sung CHO	Kyushu University, Japan	S8
Kilwon CHO	Pohang University of Science and Technology (POSTECH), Republic of Korea	S13
Soo-Hyung CHOI	Hongik University, Republic of Korea	S2
Yu-Jin CHOI	Korea Research Institute of Chemical Technology (KRICT), Republic of Korea	S1
Myung-Suk CHUN	KIST & UST-KIST School, Republic of Korea	S10
Dae Sung CHUNG	POSTECH, Republic of Korea	IDS5
Russ COMPOSTO	University of Pennsylvania, USA	S2
Van-Duong DAO	Phenikaa University, Vietnam	S7
Xu DENG	University of Electronic Science and Technology of China, China	S4
Xue-Hui DONG	South China University of Technology, China	S14
Todd EMRICK	University of Massachusetts, USA	S11
Vida ENGMANN	University of Southern Denmark, Denmark	S12
Youngho EOM	Hanyang University, Republic of Korea	S4
Brett FORS	Cornell University, USA	S1
Syuji FUJII	Osaka Institute of Technology, Japan	S4
Nicholas GODMAN	Air Force Research Laboratory, USA	S3
Joshua M. GROLMAN	Materials Science and Engineering The Technion Israel Institute of Technology, Israel	S9
Andre GROESCHEL	University of Bayreuth, Germany	S13
Min Young HA	Kyung Hee University, Republic of Korea	S10
Minjeong HA	Gwangju Institute of Science and Technology (GIST), Republic of Korea	S5
Sei Kwang HAHN	POSTECH, Republic of Korea	S13
Lisa M. HALL	The Ohio State University, USA	S10
Mahiar Max HAMEDI	KTH Royal Institute of Technology, Sweden	S6
Tae Hee HAN	Hanyang University, Republic of Korea	S11
Laura HARTMANN	University of Freiburg, Germany	S13
Michael A. HICKNER	Michigan State University, USA	S6
Masayoshi HIGUCHI	NIMS, Japan	S5
Guilhem X De HOE	University of Florida, USA	S9
Joung Sook HONG	Jeju National University, Republic of Korea	S3
Soon Hyeok HONG	Korea Advanced Institute of Science and Technology (KAIST), Republic of Korea	S9
Sung Woo HONG	Korea Institute of Industrial Technology (KITECH), Republic of Korea	S9
Suksun HORPIBULSUK	National Science and Technology Development Agency (NSTDA), Thailand	IDS5
Robert HOYE	University of Oxford, UK	S5
Atsushi HOZUMI	National Institute of Advanced Industrial Science and Technology, Japan	S4
Yu-I HSU	Osaka University, Japan	S9
Hye Rim HWANG	Ewha Womans University, Republic of Korea	S4
Sung Yeon HWANG	Kyung Hee University, Republic of Korea	S9
Yoon-Ho HWANG	Pukyong National University, Republic of Korea	IDS2
Sung Gap IM	Korea Advanced Institute of Science and Technology (KAIST), Republic of Korea	S8
Hye-Young JANG	Ajou University, Republic of Korea	S1
Jaeyoung JANG	Hanyang University, Republic of Korea	S6
Woo-Dong JANG	Yonsei University, Republic of Korea	S1
Ji Hoon JEONG	Sungkyunkwan University, Republic of Korea	S8
Ji-Eun JEONG	Korea Research Institute of Chemical Technology (KRICT), Republic of Korea	S11
Sohdam JEONG	Dong-Eui University, Republic of Korea	S10
Zhongfan JIA	Flinders University, Australia	S6
Zhongbao JIAN	Changchun Institute of Applied Chemistry, CAS, China	S14
Jian JIANG	Chinese Academy of Sciences, China	S10
Sung-Ho JIN	Pusan National University, Republic of Korea	S13
Hiroshi JINNAI	Tohoku University, Japan	S2
Sangyong JON	KAIST, Republic of Korea	S8
Yongho JOO	Korea Institute of Science and Technology (KIST), Republic of Korea	S7
Hyun Min JUNG	Kumoh National Institute of Technology, Republic of Korea	S9
Sung-Kyun JUNG	Seoul National University, Korea	IDS4
Sungjune JUNG	Pohang University of Science and Technology	S3
Young Hwa JUNG	Pohang Accelerator Laboratory, Republic of Korea	IDS2
Yeonsu JUNG	Inha University, Republic of Korea	S7
Dongku KANG	Incheon National University, Republic of Korea	S9
Min-ho KANG	The Catholic University of Korea, Republic of Korea	IDS2
Moon Sung KANG	Sogang University, Republic of Korea	S5
Saewon KANG	Korea Research Institute of Chemical Technology (KRICT), Republic of Korea	S7
Yongku KANG	Korea Research Institute of Chemical Technology, Republic of Korea	IDS1
Young Jong KANG	Hanyang University, Republic of Korea	S4
Bumjoon KIM	Korea Advanced Institute of Science and Technology (KAIST), Republic of Korea	S6
Byeong-Su KIM	Yonsei University, Republic of Korea	S8
Byeonggwan KIM	Chungnam National University, Republic of Korea	S6
Cheoljae KIM	Chungbuk National University, Republic of Korea	S1
Daegun KIM	Gachon University, Republic of Korea	S6
Dahin KIM	University of Seoul, Republic of Korea	S4
Eunkyoung KIM	Yonsei University, Republic of Korea	S13
Hobeom KIM	GIST, Republic of Korea	IDS5
Hyemin KIM	Konkuk University, Republic of Korea	IDS2
Hyun KIM	Korea Research Institute of Chemical Technology, Republic of Korea	IDS1
Jae Jung KIM	Hongik University, Republic of Korea	IDS2
Jaeup KIM	UNIST, Republic of Korea	S10
Jaewoo KIM	Korea Institute of Science and Technology (KIST), Republic of Korea	S7
Ji Yoon KIM	Ulsan National Institute of Science and Technology (UNIST), Republic of Korea	S11
Ji-Won KIM	Kyungpook National University, Republic of Korea	S3
Ji-Young KIM	Rensselaer Polytechnic Institute, USA	S7
Jin Woong KIM	Sungkyunkwan University, Republic of Korea	S4
Jungwook KIM	Seoul National University, Republic of Korea	S4
Keekyoung KIM	University of Calgary, Canada	S8
Kyobum KIM	Dongguk University, Republic of Korea	S8
Kyoung Taek KIM	Seoul National University, Republic of Korea	S1
Kyu Han KIM	Seoul National University of Science and Technology (SEOULTECH), Republic of Korea	S4
Kyung Sook KIM	Kyung Hee University, Republic of Korea	IDS2
Min KIM	University of Seoul, Republic of Korea	S5
Minsoo KIM	Sunchon National University, Republic of Korea	S7
Nara KIM	Linkoping University, Sweden	S6
Sang Ouk KIM	Korea Advanced Institute of Science and Technology (KAIST), Republic of Korea	S13
Sehoon KIM	Korea Institute of Science and Technology (KIST) & University of Science and Technology (UST), Republic of Korea	S13
Seong Yun KIM	Jeonbuk National University, Republic of Korea	S3
Shin-Hyun KIM	Korea Advanced Institute of Science and Technology (KAIST), Republic of Korea	S4
So Youn KIM	Seoul National University, Republic of Korea	S4
Sun Hwa KIM	Korea Institute of Science and Technology, Republic of Korea	IDS2
Sungjin KIM	University of New Mexico, USA	S7
Tae-il KIM	Sungkyunkwan University, Republic of Korea	S11
Yoonseob KIM	The Hong Kong University of Science and Technology, Hong Kong	S7
Youn Soo KIM	Pohang University of Science and Technology (POSTECH), Republic of Korea	S1
Young Yun KIM	Korea Research Institute of Chemical Technology, Republic of Korea	IDS1
Yu Seung KIM	Los Alamos National Laboratory, USA	S6
Taehoon KIM	Korea Institute of Materials Science (KIMS), Republic of Korea	S7
Hyunhyub KO	Ulsan National Institute of Science and Technology (UNIST), Republic of Korea	S7
Jina KO	University of Pennsylvania, USA	S8
Won-Gun KO	Yonsei University, Republic of Korea	S8
Byungjin KOO	Dankook University, Republic of Korea	S1
Jaseung KOO	Chungnam National University, Republic of Korea	S2
Jun Mo KOO	Chungnam National University, Republic of Korea	S9
Kang Hee KU	Ulsan National Institute of Science and Technology (UNIST), Republic of Korea	S7
Sanat KUMAR	Columbia University, USA	S11
Min Sang KWON	Seoul National University, Republic of Korea	S1
Taejin KWON	Jeju National University, Republic of Korea	S10
Igor LACIK	Slovak Academy of Sciences (SAS), Slovakia	S8
Bun Yeol LEE	Ajou University, Republic of Korea	S1
Chang-Soo LEE	Chungnam National University, Republic of Korea	S4
Changyeon LEE	Chung-Ang University, Republic of Korea	S4
Daeyeon LEE	University of Pennsylvania, USA	S4
Dong Woog LEE	Ulsan National Institute of Science and Technology (UNIST), Republic of Korea	S2
Eunji LEE	GIST, Republic of Korea	S2; S12
Gun-Hee LEE	Ulsan National Institute of Science and Technology (UNIST), Republic of Korea	S11
Hongkyung LEE	Yonsei University, Korea	IDS4
Hyo Min LEE	Pohang University of Science and Technology (POSTECH), Republic of Korea	S4
Hyunjung LEE	Kookmin University, Republic of Korea	S12
In-Hwan LEE	Ajou University, Republic of Korea	S1
Jae Young LEE	Gwangju Institute of Science and Technology (GIST), Republic of Korea	S8
Jaejun LEE	Pusan National University, Republic of Korea	S11
Ju-Hyuck LEE	Daegu Gyeongbuk Institute of Science and Technology (DGIST), Republic of Korea	S6
Jung-tae LEE	Kyung Hee University, Republic of Korea	S3
Kyung Min LEE	Air Force Research Laboratory, USA	S3
Myongsoo LEE	Fudan University, China	S4
Sang Jin LEE	The University of Hong Kong, Hong Kong	S8
Sangmin LEE	Pohang University of Science and Technology (POSTECH), Republic of Korea	S10
Sangwoo LEE	Isermann Department of Chemical and Biological Engineering Rensselaer Polytechnic Institute, USA	S7
Soo-Hong LEE	Dongguk University, Republic of Korea	S8
Su Yeon LEE	Korea Research Institute of Chemical Technology, Republic of Korea	IDS1
Tae Kyung LEE	Hanyang University, Republic of Korea	S10
Won Bo LEE	Seoul National University, Republic of Korea	S10
Wonho LEE	Kumoh National Institute of Technology (KIT), Republic of Korea	S5
Yan LEE	Seoul National University, Republic of Korea	IDS2
Eunsung LEE	Seoul National University, Republic of Korea	IDS5
Sheng LI	Korea Advanced Institute of Science and Technology (KAIST), Republic of Korea	S2
Zhibo LI	Qingdao University of Science and Technology, China	S1
Zi-Chen LI	Peking University, China	S1
Jeewoo LIM	Kyung Hee University, Republic of Korea	S1
Mingjie LIU	Beihang University, China	S14
Xiaokong LIU	Jilin University, China	S9
Chen-Tsyr LO	National Taiwan University of Science and Technology, Taiwan	S6
Heather LOGIE	Australian National University, Australia	S12
Kun-Han Lin	National Tsing Hua University, Taiwan	S10
Vinothan N. MANOHARAN	Harvard University, USA	S4
Naoji MATSUHISA	University of Tokyo, Japan	S5
Henning MENZEL	Technical University of Braunschweig, Germany	S13
Bong Jin MOON	Sogang University, Republic of Korea	S1
Jun Hyuk MOON	Korea University, Republic of Korea	S4
Hong Chul MOON	Korea Advanced Institute of Science and Technology (KAIST), Republic of Korea	S7
Markus MUELLNER	University of Sydney, Australia	S1
Jun Young MUN	Sungkyunkwan University, Korea	IDS4
Seok-In NA	Jeonbuk National University, Republic of Korea	S5
Sooji NAM	Electronics and Telecommunications Research Institute (ETRI), Republic of Korea	S5
Yoonsung NAM	KAIST, Republic of Korea	IDS2
Ki-Ho NAM	Kyungpook National University, Republic of Korea	S7
Dhriti NEPAL	Air Force Research Laboratory, USA	S11
Dongyeop OH	Korea University, Republic of Korea	S9
Hee Jeung OH	Pennsylvenia State University, USA	S11
Ilkwon OH	Korea Advanced Institute of Science and Technology (KAIST), Republic of Korea	S7
Hyun-jong PAIK	Pusan National University, Republic of Korea	S1
Wei Kong PANG	Univeristy of Wollongong, Australia	IDS4
Anna-Maria PAPPA	Khalifa University, United Arab Emirates	S12
Chanwook PARK	Interior Materials Development Team, Materials Research and Engineering Center, Hyundai Motor Company	S9
Daehwan PARK	Jeju National University, Republic of Korea	IDS2
Hyun Jin PARK	Korea Research Institute of Chemical Technology, Republic of Korea	IDS1
Jae Hyung PARK	Sungkyunkwan University, Republic of Korea	S8
Jeong-Eun PARK	GIST, Republic of Korea	IDS2
Ji Hoon PARK	Ewha Womans University, Republic of Korea	S11
Ju Hyun PARK	Chung-Ang University, Republic of Korea	S4
Juhyuk PARK	Seoul National University, Republic of Korea	S3
Jun Dong PARK	Sookmyung Women's University, Republic of Korea	IDS2
Kyoungweon PARK	Blue Halos, USA	S11
Kyung Min PARK	Incheon National University, Republic of Korea	S8
Moon Jeong PARK	Pohang University of Science and Technology (POSTECH), Republic of Korea	S2
Nam-Yung PARK	Inha University, Korea	IDS4
So-Jung PARK	Ewha Womans University, Republic of Korea	S4
Sungmin PARK	Sejong University, Republic of Korea	S3
Agus PURWANTO	Universitas Sebelas Maret (UNS), Indonesia	IDS5
Jeffrey PYUN	University of Arizona, USA	S1
Gregory I. Peterson	Incheon National University, Republic of Korea	S11
Bastian RAPP	University of Freiburg, Germany	S13
Richard A. REGISTER	Princeton University, USA	S2
Sang Chul ROH	Chonnam National University, Republic of Korea	S4
Stephan ROTH	Deutsches Elektronen-Synchrotron, Germany	S2
Ja-Hyung RYU	Ulsan National Institute of Science and Technology (UNIST), Republic of Korea	S8
Jaegeon RYU	Sogang University, Republic of Korea	IDS5
Jungki RYU	Ulsan National Institute of Science and Technology (UNIST), Republic of Korea	S6
Svetlana SANTER	University of Potsdam, Germany	S13
Christian SCHMITT	Karlsruhe Institute of Technology, Germany	S13
Stephen SCHRETTL	Technical University of Munich, Germany	S13
Ji-Youn SEO	Pusan National University, Republic of Korea	S5
Myungeun SEO	Korea Advanced Institute of Science and Technology (KAIST), Republic of Korea	S13
S. Eileen SEO	Arizona State University, USA	S7
Jong Geun SEONG	Korea Institute of Science and Technology (KIST), Republic of Korea	S6
Dong-Myeong SHIN	The University of Hong Kong, Hong Kong	S6
Jihoon SHIN	Korea Research Institute of Chemical Technology (KRICT), Republic of Korea	S9
Tae Joo SHIN	Ulsan National Institute of Science and Technology (UNIST), Republic of Korea	S2
Atsushi SHISHIDO	Institute of Science Tokyo, Japan	S3
Tae Soup SIM	Ajou University, Republic of Korea	S4
Charles E. SING	University of Illinois at Urbana-Champaign, USA	S10
Soonyong SO	Korea Research Institute of Chemical Technology (KRICT), Republic of Korea	S6
Daewon SOHN	Hanyang University, Republic of Korea	S2
Eun Ho SOHN	Korea Research Institute of Chemical Technology, Republic of Korea	IDS1
Christopher SOLES	National Institute of Standards and Technology, USA	S11
Chang Yun SON	Seoul National University, Republic of Korea	IDS5
Jae Sung SON	Pohang University of Science and Technology, Republic of Korea	S3
Jeong Gon SON	Korea Institute of Science and Technology (KIST), Republic of Korea	S7
Changsik SONG	Sungkyunkwan University, Republic of Korea	S11
Dong-Po SONG	Tianjin University, China	S4
Kenan SONG	University of Georgia, USA	S3
Woo Seok SONG	Korea Research Institute of Chemical Technology, Republic of Korea	IDS1
Christopher STAFFORD	National Institute of Standards and Technology, USA	S11
Petr STEPANEK	Center of Bio-Medical Polymers Institute of Macromolecular Chemistry CAS, Czech Republic	S2
Jung Don SUK	Korea Research Institute of Chemical Technology, Republic of Korea	IDS1
Jeong-Yun SUN	Seoul National University, Republic of Korea	IDS2
Bong June SUNG	Sogang University, Republic of Korea	S10
Yu Jun TAN	National University of Singapore, Singapore	S5
Serpil TEKOGLU	Johannes Kepler Universitat Linz, Austria	S12
Kai WANG	Peking University, China	S8
Yapei WANG	Renmin University of China, China	S14
Shun WATANABE	RIKEN, Japan	S5
Dong Ryeol WHANG	Hannam University, Republic of Korea	S5
Jeong Jae WIE	Hanyang University, Republic of Korea	S11
Jinrong WU	Sichuan University, China	S9
Zhongbin WU	Northwestern Polytechnical University, China	S5
Pan Wang	Westlake University, China	S6
E XIAO	Hunan MayBio Biopharmaceutical Co.,Ltd	S8
Shimei XU	Sichuan University, China	S9
Asako YAMAYOSHI	Tokyo Institute of Technology, Japan	S8
Sanghee YANG	Inha University, Republic of Korea	S1
Seung Jae YANG	Korea Research Institute of Chemical Technology (KRICT), Republic of Korea	S7
Sung Yun YANG	Chungnam National University, Republic of Korea	S8
Eiji YASHIMA	National Tsing Hua University, Taiwan / Nagoya University, Japan	IDS5
Chunhong YE	ShanghaiTech University, China	S3
Hyeonuk YEO	Korea Research Institute of Chemical Technology (KRICT), Republic of Korea	S7
Bongjun YEOM	Hanyang University, Republic of Korea	S7
Gi-Ra YI	POSTECH, Republic of Korea	IDS2
Hyuk Sang YOO	Kangwon National University, Republic of Korea	IDS2
Chang-Min YOON	Inha University, Republic of Korea	S7
Kenji YOSHIMOTO	Kanazawa University, Japan	S10
Jiashing YU	National Taiwan University, Taiwan	S8
Seung-Ho YU	Korea University, Korea	IDS4
Yanhao YU	Southern University of Science and Technology, China	S5
Hongseok YUN	Hanyang University, Republic of Korea	S4
Hongbo ZENG	University of Alberta, Canada	S2
Ning ZHENG	Zhejiang University, China	S14; S9
Danqing Bonnie ZHU	The Hong Kong University of Science and Technology, Hong Kong	S8
Yingping ZOU	Central South University, China	S12
